Domain Code,Domain,Area Code (M49),Area,Element Code,Element,Item Code (CPC),Item,Year Code,Year,Unit,Value,Flag,Flag Description
"QV","Value of Agricultural Production","204","Benin","57","Gross Production Value (current thousand US$)","01701","Beans, dry","2022","2022","1000 USD","133363","E","Estimated value"
"QV","Value of Agricultural Production","204","Benin","57","Gross Production Value (current thousand US$)","01520.01","Cassava, fresh","2022","2022","1000 USD","1322891","E","Estimated value"
"QV","Value of Agricultural Production","204","Benin","57","Gross Production Value (current thousand US$)","0112","Maize (corn)","2022","2022","1000 USD","521871","E","Estimated value"
"QV","Value of Agricultural Production","204","Benin","57","Gross Production Value (current thousand US$)","0118","Millet","2022","2022","1000 USD","14913","E","Estimated value"
"QV","Value of Agricultural Production","204","Benin","57","Gross Production Value (current thousand US$)","01239.01","Okra","2022","2022","1000 USD","35979","E","Estimated value"
"QV","Value of Agricultural Production","204","Benin","57","Gross Production Value (current thousand US$)","01290.90","Other vegetables, fresh n.e.c.","2022","2022","1000 USD","100844","E","Estimated value"
"QV","Value of Agricultural Production","204","Benin","57","Gross Production Value (current thousand US$)","01510","Potatoes","2022","2022","1000 USD","437","E","Estimated value"
"QV","Value of Agricultural Production","204","Benin","57","Gross Production Value (current thousand US$)","0113","Rice","2022","2022","1000 USD","341350","E","Estimated value"
"QV","Value of Agricultural Production","204","Benin","57","Gross Production Value (current thousand US$)","0114","Sorghum","2022","2022","1000 USD","55080","E","Estimated value"
"QV","Value of Agricultural Production","204","Benin","57","Gross Production Value (current thousand US$)","01530","Sweet potatoes","2022","2022","1000 USD","20689","E","Estimated value"
"QV","Value of Agricultural Production","204","Benin","57","Gross Production Value (current thousand US$)","01550","Taro","2022","2022","1000 USD","1194","E","Estimated value"
"QV","Value of Agricultural Production","204","Benin","57","Gross Production Value (current thousand US$)","01234","Tomatoes","2022","2022","1000 USD","183525","E","Estimated value"
"QV","Value of Agricultural Production","204","Benin","57","Gross Production Value (current thousand US$)","01540","Yams","2022","2022","1000 USD","1809687","E","Estimated value"
"QV","Value of Agricultural Production","854","Burkina Faso","57","Gross Production Value (current thousand US$)","0112","Maize (corn)","2022","2022","1000 USD","673311","E","Estimated value"
"QV","Value of Agricultural Production","854","Burkina Faso","57","Gross Production Value (current thousand US$)","0118","Millet","2022","2022","1000 USD","475876","E","Estimated value"
"QV","Value of Agricultural Production","854","Burkina Faso","57","Gross Production Value (current thousand US$)","0114","Sorghum","2022","2022","1000 USD","832978","E","Estimated value"
"QV","Value of Agricultural Production","132","Cabo Verde","57","Gross Production Value (current thousand US$)","01312","Bananas","2022","2022","1000 USD","6076","E","Estimated value"
"QV","Value of Agricultural Production","132","Cabo Verde","57","Gross Production Value (current thousand US$)","01212","Cabbages","2022","2022","1000 USD","7071","E","Estimated value"
"QV","Value of Agricultural Production","132","Cabo Verde","57","Gross Production Value (current thousand US$)","01251","Carrots and turnips","2022","2022","1000 USD","3381","E","Estimated value"
"QV","Value of Agricultural Production","132","Cabo Verde","57","Gross Production Value (current thousand US$)","01520.01","Cassava, fresh","2022","2022","1000 USD","5795","E","Estimated value"
"QV","Value of Agricultural Production","132","Cabo Verde","57","Gross Production Value (current thousand US$)","01232","Cucumbers and gherkins","2022","2022","1000 USD","1406","E","Estimated value"
"QV","Value of Agricultural Production","132","Cabo Verde","57","Gross Production Value (current thousand US$)","01252","Green garlic","2022","2022","1000 USD","295","E","Estimated value"
"QV","Value of Agricultural Production","132","Cabo Verde","57","Gross Production Value (current thousand US$)","0231","Hen eggs in shell, fresh","2022","2022","1000 USD","12268","E","Estimated value"
"QV","Value of Agricultural Production","132","Cabo Verde","57","Gross Production Value (current thousand US$)","01214","Lettuce and chicory","2022","2022","1000 USD","3339","E","Estimated value"
"QV","Value of Agricultural Production","132","Cabo Verde","57","Gross Production Value (current thousand US$)","0112","Maize (corn)","2022","2022","1000 USD","165","E","Estimated value"
"QV","Value of Agricultural Production","132","Cabo Verde","57","Gross Production Value (current thousand US$)","21111.01","Meat of cattle with the bone, fresh or chilled","2022","2022","1000 USD","7163","E","Estimated value"
"QV","Value of Agricultural Production","132","Cabo Verde","57","Gross Production Value (current thousand US$)","21121","Meat of chickens, fresh or chilled","2022","2022","1000 USD","2670","E","Estimated value"
"QV","Value of Agricultural Production","132","Cabo Verde","57","Gross Production Value (current thousand US$)","21116","Meat of goat, fresh or chilled","2022","2022","1000 USD","5407","E","Estimated value"
"QV","Value of Agricultural Production","132","Cabo Verde","57","Gross Production Value (current thousand US$)","21113.01","Meat of pig with the bone, fresh or chilled","2022","2022","1000 USD","13308","E","Estimated value"
"QV","Value of Agricultural Production","132","Cabo Verde","57","Gross Production Value (current thousand US$)","01253.02","Onions and shallots, dry (excluding dehydrated)","2022","2022","1000 USD","3907","E","Estimated value"
"QV","Value of Agricultural Production","132","Cabo Verde","57","Gross Production Value (current thousand US$)","01510","Potatoes","2022","2022","1000 USD","9950","E","Estimated value"
"QV","Value of Agricultural Production","132","Cabo Verde","57","Gross Production Value (current thousand US$)","01235","Pumpkins, squash and gourds","2022","2022","1000 USD","3708","E","Estimated value"
"QV","Value of Agricultural Production","132","Cabo Verde","57","Gross Production Value (current thousand US$)","02211","Raw milk of cattle","2022","2022","1000 USD","5910","E","Estimated value"
"QV","Value of Agricultural Production","132","Cabo Verde","57","Gross Production Value (current thousand US$)","02292","Raw milk of goats","2022","2022","1000 USD","7170","E","Estimated value"
"QV","Value of Agricultural Production","132","Cabo Verde","57","Gross Production Value (current thousand US$)","01530","Sweet potatoes","2022","2022","1000 USD","5053","E","Estimated value"
"QV","Value of Agricultural Production","132","Cabo Verde","57","Gross Production Value (current thousand US$)","01234","Tomatoes","2022","2022","1000 USD","17281","E","Estimated value"
"QV","Value of Agricultural Production","132","Cabo Verde","57","Gross Production Value (current thousand US$)","01221","Watermelons","2022","2022","1000 USD","2038","E","Estimated value"
"QV","Value of Agricultural Production","148","Chad","57","Gross Production Value (current thousand US$)","01701","Beans, dry","2022","2022","1000 USD","142870","E","Estimated value"
"QV","Value of Agricultural Production","148","Chad","57","Gross Production Value (current thousand US$)","0142","Groundnuts, excluding shelled","2022","2022","1000 USD","716592","E","Estimated value"
"QV","Value of Agricultural Production","148","Chad","57","Gross Production Value (current thousand US$)","0112","Maize (corn)","2022","2022","1000 USD","146666","E","Estimated value"
"QV","Value of Agricultural Production","148","Chad","57","Gross Production Value (current thousand US$)","0118","Millet","2022","2022","1000 USD","314954","E","Estimated value"
"QV","Value of Agricultural Production","148","Chad","57","Gross Production Value (current thousand US$)","0113","Rice","2022","2022","1000 USD","222034","E","Estimated value"
"QV","Value of Agricultural Production","148","Chad","57","Gross Production Value (current thousand US$)","01444","Sesame seed","2022","2022","1000 USD","203829","E","Estimated value"
"QV","Value of Agricultural Production","148","Chad","57","Gross Production Value (current thousand US$)","0114","Sorghum","2022","2022","1000 USD","330215","E","Estimated value"
"QV","Value of Agricultural Production","148","Chad","57","Gross Production Value (current thousand US$)","0111","Wheat","2022","2022","1000 USD","957","E","Estimated value"
"QV","Value of Agricultural Production","818","Egypt","57","Gross Production Value (current thousand US$)","01341","Apples","2022","2022","1000 USD","633332","E","Estimated value"
"QV","Value of Agricultural Production","818","Egypt","57","Gross Production Value (current thousand US$)","01343","Apricots","2022","2022","1000 USD","77406","E","Estimated value"
"QV","Value of Agricultural Production","818","Egypt","57","Gross Production Value (current thousand US$)","01312","Bananas","2022","2022","1000 USD","745452","E","Estimated value"
"QV","Value of Agricultural Production","818","Egypt","57","Gross Production Value (current thousand US$)","01212","Cabbages","2022","2022","1000 USD","313477","E","Estimated value"
"QV","Value of Agricultural Production","818","Egypt","57","Gross Production Value (current thousand US$)","01251","Carrots and turnips","2022","2022","1000 USD","64307","E","Estimated value"
"QV","Value of Agricultural Production","818","Egypt","57","Gross Production Value (current thousand US$)","01213","Cauliflowers and broccoli","2022","2022","1000 USD","59694","E","Estimated value"
"QV","Value of Agricultural Production","818","Egypt","57","Gross Production Value (current thousand US$)","01233","Eggplants (aubergines)","2022","2022","1000 USD","455723","E","Estimated value"
"QV","Value of Agricultural Production","818","Egypt","57","Gross Production Value (current thousand US$)","01330","Grapes","2022","2022","1000 USD","975497","E","Estimated value"
"QV","Value of Agricultural Production","818","Egypt","57","Gross Production Value (current thousand US$)","0231","Hen eggs in shell, fresh","2022","2022","1000 USD","1348102","E","Estimated value"
"QV","Value of Agricultural Production","818","Egypt","57","Gross Production Value (current thousand US$)","0112","Maize (corn)","2022","2022","1000 USD","2491841","E","Estimated value"
"QV","Value of Agricultural Production","818","Egypt","57","Gross Production Value (current thousand US$)","01316","Mangoes, guavas and mangosteens","2022","2022","1000 USD","812020","E","Estimated value"
"QV","Value of Agricultural Production","818","Egypt","57","Gross Production Value (current thousand US$)","01239.01","Okra","2022","2022","1000 USD","96691","E","Estimated value"
"QV","Value of Agricultural Production","818","Egypt","57","Gross Production Value (current thousand US$)","01253.02","Onions and shallots, dry (excluding dehydrated)","2022","2022","1000 USD","725378","E","Estimated value"
"QV","Value of Agricultural Production","818","Egypt","57","Gross Production Value (current thousand US$)","01323","Oranges","2022","2022","1000 USD","1281005","E","Estimated value"
"QV","Value of Agricultural Production","818","Egypt","57","Gross Production Value (current thousand US$)","01342.01","Pears","2022","2022","1000 USD","56083","E","Estimated value"
"QV","Value of Agricultural Production","818","Egypt","57","Gross Production Value (current thousand US$)","01242","Peas, green","2022","2022","1000 USD","94432","E","Estimated value"
"QV","Value of Agricultural Production","818","Egypt","57","Gross Production Value (current thousand US$)","01510","Potatoes","2022","2022","1000 USD","2138783","E","Estimated value"
"QV","Value of Agricultural Production","818","Egypt","57","Gross Production Value (current thousand US$)","02211","Raw milk of cattle","2022","2022","1000 USD","2733849","E","Estimated value"
"QV","Value of Agricultural Production","818","Egypt","57","Gross Production Value (current thousand US$)","01215","Spinach","2022","2022","1000 USD","12916","E","Estimated value"
"QV","Value of Agricultural Production","818","Egypt","57","Gross Production Value (current thousand US$)","01354","Strawberries","2022","2022","1000 USD","346294","E","Estimated value"
"QV","Value of Agricultural Production","818","Egypt","57","Gross Production Value (current thousand US$)","01530","Sweet potatoes","2022","2022","1000 USD","110601","E","Estimated value"
"QV","Value of Agricultural Production","818","Egypt","57","Gross Production Value (current thousand US$)","01234","Tomatoes","2022","2022","1000 USD","2160000","E","Estimated value"
"QV","Value of Agricultural Production","818","Egypt","57","Gross Production Value (current thousand US$)","01221","Watermelons","2022","2022","1000 USD","1255630","E","Estimated value"
"QV","Value of Agricultural Production","818","Egypt","57","Gross Production Value (current thousand US$)","0111","Wheat","2022","2022","1000 USD","5303827","E","Estimated value"
"QV","Value of Agricultural Production","270","Gambia","57","Gross Production Value (current thousand US$)","0142","Groundnuts, excluding shelled","2022","2022","1000 USD","35624","E","Estimated value"
"QV","Value of Agricultural Production","270","Gambia","57","Gross Production Value (current thousand US$)","0112","Maize (corn)","2022","2022","1000 USD","12974","E","Estimated value"
"QV","Value of Agricultural Production","270","Gambia","57","Gross Production Value (current thousand US$)","01316","Mangoes, guavas and mangosteens","2022","2022","1000 USD","1052","E","Estimated value"
"QV","Value of Agricultural Production","270","Gambia","57","Gross Production Value (current thousand US$)","0118","Millet","2022","2022","1000 USD","25720","E","Estimated value"
"QV","Value of Agricultural Production","270","Gambia","57","Gross Production Value (current thousand US$)","0113","Rice","2022","2022","1000 USD","28419","E","Estimated value"
"QV","Value of Agricultural Production","270","Gambia","57","Gross Production Value (current thousand US$)","01444","Sesame seed","2022","2022","1000 USD","1875","E","Estimated value"
"QV","Value of Agricultural Production","270","Gambia","57","Gross Production Value (current thousand US$)","0114","Sorghum","2022","2022","1000 USD","3709","E","Estimated value"
"QV","Value of Agricultural Production","288","Ghana","57","Gross Production Value (current thousand US$)","01701","Beans, dry","2022","2022","1000 USD","149049","E","Estimated value"
"QV","Value of Agricultural Production","288","Ghana","57","Gross Production Value (current thousand US$)","01520.01","Cassava, fresh","2022","2022","1000 USD","5871116","E","Estimated value"
"QV","Value of Agricultural Production","288","Ghana","57","Gross Production Value (current thousand US$)","01231","Chillies and peppers, green (Capsicum spp. and Pimenta spp.)","2022","2022","1000 USD","126440","E","Estimated value"
"QV","Value of Agricultural Production","288","Ghana","57","Gross Production Value (current thousand US$)","01233","Eggplants (aubergines)","2022","2022","1000 USD","30685","E","Estimated value"
"QV","Value of Agricultural Production","288","Ghana","57","Gross Production Value (current thousand US$)","0142","Groundnuts, excluding shelled","2022","2022","1000 USD","330372","E","Estimated value"
"QV","Value of Agricultural Production","288","Ghana","57","Gross Production Value (current thousand US$)","0112","Maize (corn)","2022","2022","1000 USD","1478210","E","Estimated value"
"QV","Value of Agricultural Production","288","Ghana","57","Gross Production Value (current thousand US$)","0118","Millet","2022","2022","1000 USD","114738","E","Estimated value"
"QV","Value of Agricultural Production","288","Ghana","57","Gross Production Value (current thousand US$)","01491.01","Oil palm fruit","2022","2022","1000 USD","799654","E","Estimated value"
"QV","Value of Agricultural Production","288","Ghana","57","Gross Production Value (current thousand US$)","01253.02","Onions and shallots, dry (excluding dehydrated)","2022","2022","1000 USD","97426","E","Estimated value"
"QV","Value of Agricultural Production","288","Ghana","57","Gross Production Value (current thousand US$)","01323","Oranges","2022","2022","1000 USD","100641","E","Estimated value"
"QV","Value of Agricultural Production","288","Ghana","57","Gross Production Value (current thousand US$)","01318","Pineapples","2022","2022","1000 USD","223280","E","Estimated value"
"QV","Value of Agricultural Production","288","Ghana","57","Gross Production Value (current thousand US$)","0113","Rice","2022","2022","1000 USD","575521","E","Estimated value"
"QV","Value of Agricultural Production","288","Ghana","57","Gross Production Value (current thousand US$)","0114","Sorghum","2022","2022","1000 USD","186444","E","Estimated value"
"QV","Value of Agricultural Production","288","Ghana","57","Gross Production Value (current thousand US$)","01550","Taro","2022","2022","1000 USD","965792","E","Estimated value"
"QV","Value of Agricultural Production","288","Ghana","57","Gross Production Value (current thousand US$)","01234","Tomatoes","2022","2022","1000 USD","282778","E","Estimated value"
"QV","Value of Agricultural Production","288","Ghana","57","Gross Production Value (current thousand US$)","01540","Yams","2022","2022","1000 USD","5154287","E","Estimated value"
"QV","Value of Agricultural Production","324","Guinea","57","Gross Production Value (current thousand US$)","01372","Cashew nuts, in shell","2022","2022","1000 USD","25671","E","Estimated value"
"QV","Value of Agricultural Production","324","Guinea","57","Gross Production Value (current thousand US$)","01520.01","Cassava, fresh","2022","2022","1000 USD","675748","E","Estimated value"
"QV","Value of Agricultural Production","324","Guinea","57","Gross Production Value (current thousand US$)","01640","Cocoa beans","2022","2022","1000 USD","12983","E","Estimated value"
"QV","Value of Agricultural Production","324","Guinea","57","Gross Production Value (current thousand US$)","01610","Coffee, green","2022","2022","1000 USD","139953","E","Estimated value"
"QV","Value of Agricultural Production","324","Guinea","57","Gross Production Value (current thousand US$)","01193","Fonio","2022","2022","1000 USD","174822","E","Estimated value"
"QV","Value of Agricultural Production","324","Guinea","57","Gross Production Value (current thousand US$)","0142","Groundnuts, excluding shelled","2022","2022","1000 USD","257367","E","Estimated value"
"QV","Value of Agricultural Production","324","Guinea","57","Gross Production Value (current thousand US$)","0231","Hen eggs in shell, fresh","2022","2022","1000 USD","91000","E","Estimated value"
"QV","Value of Agricultural Production","324","Guinea","57","Gross Production Value (current thousand US$)","0112","Maize (corn)","2022","2022","1000 USD","519931","E","Estimated value"
"QV","Value of Agricultural Production","324","Guinea","57","Gross Production Value (current thousand US$)","01316","Mangoes, guavas and mangosteens","2022","2022","1000 USD","12337","E","Estimated value"
"QV","Value of Agricultural Production","324","Guinea","57","Gross Production Value (current thousand US$)","01318","Pineapples","2022","2022","1000 USD","7649","E","Estimated value"
"QV","Value of Agricultural Production","324","Guinea","57","Gross Production Value (current thousand US$)","01510","Potatoes","2022","2022","1000 USD","592919","E","Estimated value"
"QV","Value of Agricultural Production","324","Guinea","57","Gross Production Value (current thousand US$)","02211","Raw milk of cattle","2022","2022","1000 USD","228658","E","Estimated value"
"QV","Value of Agricultural Production","324","Guinea","57","Gross Production Value (current thousand US$)","0113","Rice","2022","2022","1000 USD","3154416","E","Estimated value"
"QV","Value of Agricultural Production","324","Guinea","57","Gross Production Value (current thousand US$)","0114","Sorghum","2022","2022","1000 USD","38652","E","Estimated value"
"QV","Value of Agricultural Production","324","Guinea","57","Gross Production Value (current thousand US$)","01530","Sweet potatoes","2022","2022","1000 USD","20455","E","Estimated value"
"QV","Value of Agricultural Production","324","Guinea","57","Gross Production Value (current thousand US$)","01550","Taro","2022","2022","1000 USD","67964","E","Estimated value"
"QV","Value of Agricultural Production","324","Guinea","57","Gross Production Value (current thousand US$)","01540","Yams","2022","2022","1000 USD","444491","E","Estimated value"
"QV","Value of Agricultural Production","426","Lesotho","57","Gross Production Value (current thousand US$)","01701","Beans, dry","2022","2022","1000 USD","8267","E","Estimated value"
"QV","Value of Agricultural Production","426","Lesotho","57","Gross Production Value (current thousand US$)","0112","Maize (corn)","2022","2022","1000 USD","17147","E","Estimated value"
"QV","Value of Agricultural Production","426","Lesotho","57","Gross Production Value (current thousand US$)","01359.90","Other fruits, n.e.c.","2022","2022","1000 USD","11146","E","Estimated value"
"QV","Value of Agricultural Production","426","Lesotho","57","Gross Production Value (current thousand US$)","01290.90","Other vegetables, fresh n.e.c.","2022","2022","1000 USD","6946","E","Estimated value"
"QV","Value of Agricultural Production","426","Lesotho","57","Gross Production Value (current thousand US$)","01510","Potatoes","2022","2022","1000 USD","59899","E","Estimated value"
"QV","Value of Agricultural Production","426","Lesotho","57","Gross Production Value (current thousand US$)","02211","Raw milk of cattle","2022","2022","1000 USD","187515","E","Estimated value"
"QV","Value of Agricultural Production","426","Lesotho","57","Gross Production Value (current thousand US$)","0111","Wheat","2022","2022","1000 USD","2211","E","Estimated value"
"QV","Value of Agricultural Production","466","Mali","57","Gross Production Value (current thousand US$)","01520.01","Cassava, fresh","2022","2022","1000 USD","48496","E","Estimated value"
"QV","Value of Agricultural Production","466","Mali","57","Gross Production Value (current thousand US$)","01652","Chillies and peppers, dry (Capsicum spp., Pimenta spp.), raw","2022","2022","1000 USD","16804","E","Estimated value"
"QV","Value of Agricultural Production","466","Mali","57","Gross Production Value (current thousand US$)","01706","Cow peas, dry","2022","2022","1000 USD","247602","E","Estimated value"
"QV","Value of Agricultural Production","466","Mali","57","Gross Production Value (current thousand US$)","01232","Cucumbers and gherkins","2022","2022","1000 USD","44648","E","Estimated value"
"QV","Value of Agricultural Production","466","Mali","57","Gross Production Value (current thousand US$)","01314","Dates","2022","2022","1000 USD","992","E","Estimated value"
"QV","Value of Agricultural Production","466","Mali","57","Gross Production Value (current thousand US$)","01193","Fonio","2022","2022","1000 USD","51201","E","Estimated value"
"QV","Value of Agricultural Production","466","Mali","57","Gross Production Value (current thousand US$)","0142","Groundnuts, excluding shelled","2022","2022","1000 USD","346196","E","Estimated value"
"QV","Value of Agricultural Production","466","Mali","57","Gross Production Value (current thousand US$)","01499.01","Karite nuts (sheanuts)","2022","2022","1000 USD","69177","E","Estimated value"
"QV","Value of Agricultural Production","466","Mali","57","Gross Production Value (current thousand US$)","01322","Lemons and limes","2022","2022","1000 USD","36988","E","Estimated value"
"QV","Value of Agricultural Production","466","Mali","57","Gross Production Value (current thousand US$)","01214","Lettuce and chicory","2022","2022","1000 USD","49162","E","Estimated value"
"QV","Value of Agricultural Production","466","Mali","57","Gross Production Value (current thousand US$)","0112","Maize (corn)","2022","2022","1000 USD","1323786","E","Estimated value"
"QV","Value of Agricultural Production","466","Mali","57","Gross Production Value (current thousand US$)","01316","Mangoes, guavas and mangosteens","2022","2022","1000 USD","328890","E","Estimated value"
"QV","Value of Agricultural Production","466","Mali","57","Gross Production Value (current thousand US$)","0118","Millet","2022","2022","1000 USD","811829","E","Estimated value"
"QV","Value of Agricultural Production","466","Mali","57","Gross Production Value (current thousand US$)","01239.01","Okra","2022","2022","1000 USD","571035","E","Estimated value"
"QV","Value of Agricultural Production","466","Mali","57","Gross Production Value (current thousand US$)","01253.02","Onions and shallots, dry (excluding dehydrated)","2022","2022","1000 USD","63104","E","Estimated value"
"QV","Value of Agricultural Production","466","Mali","57","Gross Production Value (current thousand US$)","01253.01","Onions and shallots, green","2022","2022","1000 USD","550062","E","Estimated value"
"QV","Value of Agricultural Production","466","Mali","57","Gross Production Value (current thousand US$)","01323","Oranges","2022","2022","1000 USD","258258","E","Estimated value"
"QV","Value of Agricultural Production","466","Mali","57","Gross Production Value (current thousand US$)","01317","Papayas","2022","2022","1000 USD","74962","E","Estimated value"
"QV","Value of Agricultural Production","466","Mali","57","Gross Production Value (current thousand US$)","01510","Potatoes","2022","2022","1000 USD","263099","E","Estimated value"
"QV","Value of Agricultural Production","466","Mali","57","Gross Production Value (current thousand US$)","0113","Rice","2022","2022","1000 USD","854884","E","Estimated value"
"QV","Value of Agricultural Production","466","Mali","57","Gross Production Value (current thousand US$)","01444","Sesame seed","2022","2022","1000 USD","53729","E","Estimated value"
"QV","Value of Agricultural Production","466","Mali","57","Gross Production Value (current thousand US$)","0114","Sorghum","2022","2022","1000 USD","621053","E","Estimated value"
"QV","Value of Agricultural Production","466","Mali","57","Gross Production Value (current thousand US$)","01530","Sweet potatoes","2022","2022","1000 USD","145922","E","Estimated value"
"QV","Value of Agricultural Production","466","Mali","57","Gross Production Value (current thousand US$)","01234","Tomatoes","2022","2022","1000 USD","184151","E","Estimated value"
"QV","Value of Agricultural Production","466","Mali","57","Gross Production Value (current thousand US$)","01221","Watermelons","2022","2022","1000 USD","234563","E","Estimated value"
"QV","Value of Agricultural Production","466","Mali","57","Gross Production Value (current thousand US$)","01540","Yams","2022","2022","1000 USD","89907","E","Estimated value"
"QV","Value of Agricultural Production","480","Mauritius","57","Gross Production Value (current thousand US$)","01312","Bananas","2022","2022","1000 USD","3695","E","Estimated value"
"QV","Value of Agricultural Production","480","Mauritius","57","Gross Production Value (current thousand US$)","01212","Cabbages","2022","2022","1000 USD","4673","E","Estimated value"
"QV","Value of Agricultural Production","480","Mauritius","57","Gross Production Value (current thousand US$)","01251","Carrots and turnips","2022","2022","1000 USD","4196","E","Estimated value"
"QV","Value of Agricultural Production","480","Mauritius","57","Gross Production Value (current thousand US$)","01520.01","Cassava, fresh","2022","2022","1000 USD","816","E","Estimated value"
"QV","Value of Agricultural Production","480","Mauritius","57","Gross Production Value (current thousand US$)","01213","Cauliflowers and broccoli","2022","2022","1000 USD","1351","E","Estimated value"
"QV","Value of Agricultural Production","480","Mauritius","57","Gross Production Value (current thousand US$)","01231","Chillies and peppers, green (Capsicum spp. and Pimenta spp.)","2022","2022","1000 USD","14076","E","Estimated value"
"QV","Value of Agricultural Production","480","Mauritius","57","Gross Production Value (current thousand US$)","01460","Coconuts, in shell","2022","2022","1000 USD","498","E","Estimated value"
"QV","Value of Agricultural Production","480","Mauritius","57","Gross Production Value (current thousand US$)","01232","Cucumbers and gherkins","2022","2022","1000 USD","9618","E","Estimated value"
"QV","Value of Agricultural Production","480","Mauritius","57","Gross Production Value (current thousand US$)","01233","Eggplants (aubergines)","2022","2022","1000 USD","3952","E","Estimated value"
"QV","Value of Agricultural Production","480","Mauritius","57","Gross Production Value (current thousand US$)","01657","Ginger, raw","2022","2022","1000 USD","1640","E","Estimated value"
"QV","Value of Agricultural Production","480","Mauritius","57","Gross Production Value (current thousand US$)","01252","Green garlic","2022","2022","1000 USD","134","E","Estimated value"
"QV","Value of Agricultural Production","480","Mauritius","57","Gross Production Value (current thousand US$)","0142","Groundnuts, excluding shelled","2022","2022","1000 USD","887","E","Estimated value"
"QV","Value of Agricultural Production","480","Mauritius","57","Gross Production Value (current thousand US$)","0231","Hen eggs in shell, fresh","2022","2022","1000 USD","42347","E","Estimated value"
"QV","Value of Agricultural Production","480","Mauritius","57","Gross Production Value (current thousand US$)","01214","Lettuce and chicory","2022","2022","1000 USD","3315","E","Estimated value"
"QV","Value of Agricultural Production","480","Mauritius","57","Gross Production Value (current thousand US$)","21111.01","Meat of cattle with the bone, fresh or chilled","2022","2022","1000 USD","13965","E","Estimated value"
"QV","Value of Agricultural Production","480","Mauritius","57","Gross Production Value (current thousand US$)","21121","Meat of chickens, fresh or chilled","2022","2022","1000 USD","124556","E","Estimated value"
"QV","Value of Agricultural Production","480","Mauritius","57","Gross Production Value (current thousand US$)","21116","Meat of goat, fresh or chilled","2022","2022","1000 USD","151","E","Estimated value"
"QV","Value of Agricultural Production","480","Mauritius","57","Gross Production Value (current thousand US$)","21113.01","Meat of pig with the bone, fresh or chilled","2022","2022","1000 USD","934","E","Estimated value"
"QV","Value of Agricultural Production","480","Mauritius","57","Gross Production Value (current thousand US$)","01239.01","Okra","2022","2022","1000 USD","4760","E","Estimated value"
"QV","Value of Agricultural Production","480","Mauritius","57","Gross Production Value (current thousand US$)","01253.02","Onions and shallots, dry (excluding dehydrated)","2022","2022","1000 USD","7486","E","Estimated value"
"QV","Value of Agricultural Production","480","Mauritius","57","Gross Production Value (current thousand US$)","01241.90","Other beans, green","2022","2022","1000 USD","2824","E","Estimated value"
"QV","Value of Agricultural Production","480","Mauritius","57","Gross Production Value (current thousand US$)","01318","Pineapples","2022","2022","1000 USD","9352","E","Estimated value"
"QV","Value of Agricultural Production","480","Mauritius","57","Gross Production Value (current thousand US$)","01510","Potatoes","2022","2022","1000 USD","10375","E","Estimated value"
"QV","Value of Agricultural Production","480","Mauritius","57","Gross Production Value (current thousand US$)","01235","Pumpkins, squash and gourds","2022","2022","1000 USD","28827","E","Estimated value"
"QV","Value of Agricultural Production","480","Mauritius","57","Gross Production Value (current thousand US$)","02211","Raw milk of cattle","2022","2022","1000 USD","1490","E","Estimated value"
"QV","Value of Agricultural Production","480","Mauritius","57","Gross Production Value (current thousand US$)","01802","Sugar cane","2022","2022","1000 USD","91942","E","Estimated value"
"QV","Value of Agricultural Production","480","Mauritius","57","Gross Production Value (current thousand US$)","01530","Sweet potatoes","2022","2022","1000 USD","1336","E","Estimated value"
"QV","Value of Agricultural Production","480","Mauritius","57","Gross Production Value (current thousand US$)","01550","Taro","2022","2022","1000 USD","4158","E","Estimated value"
"QV","Value of Agricultural Production","480","Mauritius","57","Gross Production Value (current thousand US$)","01620","Tea leaves","2022","2022","1000 USD","3182","E","Estimated value"
"QV","Value of Agricultural Production","480","Mauritius","57","Gross Production Value (current thousand US$)","01234","Tomatoes","2022","2022","1000 USD","21256","E","Estimated value"
"QV","Value of Agricultural Production","504","Morocco","57","Gross Production Value (current thousand US$)","01371","Almonds, in shell","2022","2022","1000 USD","278539","E","Estimated value"
"QV","Value of Agricultural Production","504","Morocco","57","Gross Production Value (current thousand US$)","01341","Apples","2022","2022","1000 USD","414606","E","Estimated value"
"QV","Value of Agricultural Production","504","Morocco","57","Gross Production Value (current thousand US$)","01343","Apricots","2022","2022","1000 USD","30752","E","Estimated value"
"QV","Value of Agricultural Production","504","Morocco","57","Gross Production Value (current thousand US$)","01216","Artichokes","2022","2022","1000 USD","14798","E","Estimated value"
"QV","Value of Agricultural Production","504","Morocco","57","Gross Production Value (current thousand US$)","01211","Asparagus","2022","2022","1000 USD","2","E","Estimated value"
"QV","Value of Agricultural Production","504","Morocco","57","Gross Production Value (current thousand US$)","01312","Bananas","2022","2022","1000 USD","211113","E","Estimated value"
"QV","Value of Agricultural Production","504","Morocco","57","Gross Production Value (current thousand US$)","0115","Barley","2022","2022","1000 USD","258384","E","Estimated value"
"QV","Value of Agricultural Production","504","Morocco","57","Gross Production Value (current thousand US$)","01355.01","Blueberries","2022","2022","1000 USD","171646","E","Estimated value"
"QV","Value of Agricultural Production","504","Morocco","57","Gross Production Value (current thousand US$)","01702","Broad beans and horse beans, dry","2022","2022","1000 USD","23087","E","Estimated value"
"QV","Value of Agricultural Production","504","Morocco","57","Gross Production Value (current thousand US$)","01229","Cantaloupes and other melons","2022","2022","1000 USD","133480","E","Estimated value"
"QV","Value of Agricultural Production","504","Morocco","57","Gross Production Value (current thousand US$)","01251","Carrots and turnips","2022","2022","1000 USD","75188","E","Estimated value"
"QV","Value of Agricultural Production","504","Morocco","57","Gross Production Value (current thousand US$)","01703","Chick peas, dry","2022","2022","1000 USD","28228","E","Estimated value"
"QV","Value of Agricultural Production","504","Morocco","57","Gross Production Value (current thousand US$)","01231","Chillies and peppers, green (Capsicum spp. and Pimenta spp.)","2022","2022","1000 USD","119454","E","Estimated value"
"QV","Value of Agricultural Production","504","Morocco","57","Gross Production Value (current thousand US$)","01232","Cucumbers and gherkins","2022","2022","1000 USD","16751","E","Estimated value"
"QV","Value of Agricultural Production","504","Morocco","57","Gross Production Value (current thousand US$)","01314","Dates","2022","2022","1000 USD","375915","E","Estimated value"
"QV","Value of Agricultural Production","504","Morocco","57","Gross Production Value (current thousand US$)","01233","Eggplants (aubergines)","2022","2022","1000 USD","15110","E","Estimated value"
"QV","Value of Agricultural Production","504","Morocco","57","Gross Production Value (current thousand US$)","01315","Figs","2022","2022","1000 USD","72057","E","Estimated value"
"QV","Value of Agricultural Production","504","Morocco","57","Gross Production Value (current thousand US$)","01330","Grapes","2022","2022","1000 USD","142793","E","Estimated value"
"QV","Value of Agricultural Production","504","Morocco","57","Gross Production Value (current thousand US$)","01252","Green garlic","2022","2022","1000 USD","14892","E","Estimated value"
"QV","Value of Agricultural Production","504","Morocco","57","Gross Production Value (current thousand US$)","0142","Groundnuts, excluding shelled","2022","2022","1000 USD","33201","E","Estimated value"
"QV","Value of Agricultural Production","504","Morocco","57","Gross Production Value (current thousand US$)","01704","Lentils, dry","2022","2022","1000 USD","7978","E","Estimated value"
"QV","Value of Agricultural Production","504","Morocco","57","Gross Production Value (current thousand US$)","0112","Maize (corn)","2022","2022","1000 USD","20261","E","Estimated value"
"QV","Value of Agricultural Production","504","Morocco","57","Gross Production Value (current thousand US$)","0117","Oats","2022","2022","1000 USD","830","E","Estimated value"
"QV","Value of Agricultural Production","504","Morocco","57","Gross Production Value (current thousand US$)","01450","Olives","2022","2022","1000 USD","1213719","E","Estimated value"
"QV","Value of Agricultural Production","504","Morocco","57","Gross Production Value (current thousand US$)","01253.02","Onions and shallots, dry (excluding dehydrated)","2022","2022","1000 USD","148938","E","Estimated value"
"QV","Value of Agricultural Production","504","Morocco","57","Gross Production Value (current thousand US$)","01323","Oranges","2022","2022","1000 USD","237237","E","Estimated value"
"QV","Value of Agricultural Production","504","Morocco","57","Gross Production Value (current thousand US$)","01345","Peaches and nectarines","2022","2022","1000 USD","103557","E","Estimated value"
"QV","Value of Agricultural Production","504","Morocco","57","Gross Production Value (current thousand US$)","01342.01","Pears","2022","2022","1000 USD","24672","E","Estimated value"
"QV","Value of Agricultural Production","504","Morocco","57","Gross Production Value (current thousand US$)","01705","Peas, dry","2022","2022","1000 USD","5694","E","Estimated value"
"QV","Value of Agricultural Production","504","Morocco","57","Gross Production Value (current thousand US$)","01242","Peas, green","2022","2022","1000 USD","43584","E","Estimated value"
"QV","Value of Agricultural Production","504","Morocco","57","Gross Production Value (current thousand US$)","01346","Plums and sloes","2022","2022","1000 USD","74974","E","Estimated value"
"QV","Value of Agricultural Production","504","Morocco","57","Gross Production Value (current thousand US$)","01510","Potatoes","2022","2022","1000 USD","421351","E","Estimated value"
"QV","Value of Agricultural Production","504","Morocco","57","Gross Production Value (current thousand US$)","01235","Pumpkins, squash and gourds","2022","2022","1000 USD","98997","E","Estimated value"
"QV","Value of Agricultural Production","504","Morocco","57","Gross Production Value (current thousand US$)","01353.01","Raspberries","2022","2022","1000 USD","137774","E","Estimated value"
"QV","Value of Agricultural Production","504","Morocco","57","Gross Production Value (current thousand US$)","0113","Rice","2022","2022","1000 USD","16917","E","Estimated value"
"QV","Value of Agricultural Production","504","Morocco","57","Gross Production Value (current thousand US$)","01354","Strawberries","2022","2022","1000 USD","93005","E","Estimated value"
"QV","Value of Agricultural Production","504","Morocco","57","Gross Production Value (current thousand US$)","01241.01","String beans","2022","2022","1000 USD","128167","E","Estimated value"
"QV","Value of Agricultural Production","504","Morocco","57","Gross Production Value (current thousand US$)","01445","Sunflower seed","2022","2022","1000 USD","19414","E","Estimated value"
"QV","Value of Agricultural Production","504","Morocco","57","Gross Production Value (current thousand US$)","01324","Tangerines, mandarins, clementines","2022","2022","1000 USD","313296","E","Estimated value"
"QV","Value of Agricultural Production","504","Morocco","57","Gross Production Value (current thousand US$)","01234","Tomatoes","2022","2022","1000 USD","416809","E","Estimated value"
"QV","Value of Agricultural Production","504","Morocco","57","Gross Production Value (current thousand US$)","01221","Watermelons","2022","2022","1000 USD","112987","E","Estimated value"
"QV","Value of Agricultural Production","504","Morocco","57","Gross Production Value (current thousand US$)","0111","Wheat","2022","2022","1000 USD","799452","E","Estimated value"
"QV","Value of Agricultural Production","508","Mozambique","57","Gross Production Value (current thousand US$)","01701","Beans, dry","2022","2022","1000 USD","717146","E","Estimated value"
"QV","Value of Agricultural Production","508","Mozambique","57","Gross Production Value (current thousand US$)","01520.01","Cassava, fresh","2022","2022","1000 USD","2208932","E","Estimated value"
"QV","Value of Agricultural Production","508","Mozambique","57","Gross Production Value (current thousand US$)","0142","Groundnuts, excluding shelled","2022","2022","1000 USD","108582","E","Estimated value"
"QV","Value of Agricultural Production","508","Mozambique","57","Gross Production Value (current thousand US$)","0231","Hen eggs in shell, fresh","2022","2022","1000 USD","38574","E","Estimated value"
"QV","Value of Agricultural Production","508","Mozambique","57","Gross Production Value (current thousand US$)","0112","Maize (corn)","2022","2022","1000 USD","646576","E","Estimated value"
"QV","Value of Agricultural Production","508","Mozambique","57","Gross Production Value (current thousand US$)","01253.02","Onions and shallots, dry (excluding dehydrated)","2022","2022","1000 USD","399084","E","Estimated value"
"QV","Value of Agricultural Production","508","Mozambique","57","Gross Production Value (current thousand US$)","01510","Potatoes","2022","2022","1000 USD","24898","E","Estimated value"
"QV","Value of Agricultural Production","508","Mozambique","57","Gross Production Value (current thousand US$)","02211","Raw milk of cattle","2022","2022","1000 USD","2296","E","Estimated value"
"QV","Value of Agricultural Production","508","Mozambique","57","Gross Production Value (current thousand US$)","0113","Rice","2022","2022","1000 USD","317434","E","Estimated value"
"QV","Value of Agricultural Production","508","Mozambique","57","Gross Production Value (current thousand US$)","01530","Sweet potatoes","2022","2022","1000 USD","225828","E","Estimated value"
"QV","Value of Agricultural Production","508","Mozambique","57","Gross Production Value (current thousand US$)","01234","Tomatoes","2022","2022","1000 USD","1885278","E","Estimated value"
"QV","Value of Agricultural Production","508","Mozambique","57","Gross Production Value (current thousand US$)","0111","Wheat","2022","2022","1000 USD","13780","E","Estimated value"
"QV","Value of Agricultural Production","516","Namibia","57","Gross Production Value (current thousand US$)","0112","Maize (corn)","2022","2022","1000 USD","40114","E","Estimated value"
"QV","Value of Agricultural Production","516","Namibia","57","Gross Production Value (current thousand US$)","0118","Millet","2022","2022","1000 USD","17308","E","Estimated value"
"QV","Value of Agricultural Production","516","Namibia","57","Gross Production Value (current thousand US$)","0111","Wheat","2022","2022","1000 USD","12197","E","Estimated value"
"QV","Value of Agricultural Production","562","Niger","57","Gross Production Value (current thousand US$)","01708","Bambara beans, dry","2022","2022","1000 USD","18216","E","Estimated value"
"QV","Value of Agricultural Production","562","Niger","57","Gross Production Value (current thousand US$)","01212","Cabbages","2022","2022","1000 USD","73614","E","Estimated value"
"QV","Value of Agricultural Production","562","Niger","57","Gross Production Value (current thousand US$)","01229","Cantaloupes and other melons","2022","2022","1000 USD","28358","E","Estimated value"
"QV","Value of Agricultural Production","562","Niger","57","Gross Production Value (current thousand US$)","01251","Carrots and turnips","2022","2022","1000 USD","36408","E","Estimated value"
"QV","Value of Agricultural Production","562","Niger","57","Gross Production Value (current thousand US$)","01520.01","Cassava, fresh","2022","2022","1000 USD","75979","E","Estimated value"
"QV","Value of Agricultural Production","562","Niger","57","Gross Production Value (current thousand US$)","01231","Chillies and peppers, green (Capsicum spp. and Pimenta spp.)","2022","2022","1000 USD","180788","E","Estimated value"
"QV","Value of Agricultural Production","562","Niger","57","Gross Production Value (current thousand US$)","01232","Cucumbers and gherkins","2022","2022","1000 USD","940","E","Estimated value"
"QV","Value of Agricultural Production","562","Niger","57","Gross Production Value (current thousand US$)","01314","Dates","2022","2022","1000 USD","13139","E","Estimated value"
"QV","Value of Agricultural Production","562","Niger","57","Gross Production Value (current thousand US$)","01233","Eggplants (aubergines)","2022","2022","1000 USD","4271","E","Estimated value"
"QV","Value of Agricultural Production","562","Niger","57","Gross Production Value (current thousand US$)","01252","Green garlic","2022","2022","1000 USD","7826","E","Estimated value"
"QV","Value of Agricultural Production","562","Niger","57","Gross Production Value (current thousand US$)","0142","Groundnuts, excluding shelled","2022","2022","1000 USD","209647","E","Estimated value"
"QV","Value of Agricultural Production","562","Niger","57","Gross Production Value (current thousand US$)","0231","Hen eggs in shell, fresh","2022","2022","1000 USD","35852","E","Estimated value"
"QV","Value of Agricultural Production","562","Niger","57","Gross Production Value (current thousand US$)","01214","Lettuce and chicory","2022","2022","1000 USD","33615","E","Estimated value"
"QV","Value of Agricultural Production","562","Niger","57","Gross Production Value (current thousand US$)","0112","Maize (corn)","2022","2022","1000 USD","3097","E","Estimated value"
"QV","Value of Agricultural Production","562","Niger","57","Gross Production Value (current thousand US$)","01316","Mangoes, guavas and mangosteens","2022","2022","1000 USD","74992","E","Estimated value"
"QV","Value of Agricultural Production","562","Niger","57","Gross Production Value (current thousand US$)","0118","Millet","2022","2022","1000 USD","691807","E","Estimated value"
"QV","Value of Agricultural Production","562","Niger","57","Gross Production Value (current thousand US$)","01241.90","Other beans, green","2022","2022","1000 USD","26453","E","Estimated value"
"QV","Value of Agricultural Production","562","Niger","57","Gross Production Value (current thousand US$)","01359.90","Other fruits, n.e.c.","2022","2022","1000 USD","125054","E","Estimated value"
"QV","Value of Agricultural Production","562","Niger","57","Gross Production Value (current thousand US$)","01449.90","Other oil seeds, n.e.c.","2022","2022","1000 USD","11970","E","Estimated value"
"QV","Value of Agricultural Production","562","Niger","57","Gross Production Value (current thousand US$)","01709.90","Other pulses n.e.c.","2022","2022","1000 USD","3551","E","Estimated value"
"QV","Value of Agricultural Production","562","Niger","57","Gross Production Value (current thousand US$)","01290.90","Other vegetables, fresh n.e.c.","2022","2022","1000 USD","25378","E","Estimated value"
"QV","Value of Agricultural Production","562","Niger","57","Gross Production Value (current thousand US$)","01242","Peas, green","2022","2022","1000 USD","14","E","Estimated value"
"QV","Value of Agricultural Production","562","Niger","57","Gross Production Value (current thousand US$)","01510","Potatoes","2022","2022","1000 USD","228964","E","Estimated value"
"QV","Value of Agricultural Production","562","Niger","57","Gross Production Value (current thousand US$)","01235","Pumpkins, squash and gourds","2022","2022","1000 USD","34523","E","Estimated value"
"QV","Value of Agricultural Production","562","Niger","57","Gross Production Value (current thousand US$)","02293","Raw milk of camel","2022","2022","1000 USD","71427","E","Estimated value"
"QV","Value of Agricultural Production","562","Niger","57","Gross Production Value (current thousand US$)","02211","Raw milk of cattle","2022","2022","1000 USD","162285","E","Estimated value"
"QV","Value of Agricultural Production","562","Niger","57","Gross Production Value (current thousand US$)","02292","Raw milk of goats","2022","2022","1000 USD","87347","E","Estimated value"
"QV","Value of Agricultural Production","562","Niger","57","Gross Production Value (current thousand US$)","02291","Raw milk of sheep","2022","2022","1000 USD","27293","E","Estimated value"
"QV","Value of Agricultural Production","562","Niger","57","Gross Production Value (current thousand US$)","0113","Rice","2022","2022","1000 USD","86803","E","Estimated value"
"QV","Value of Agricultural Production","562","Niger","57","Gross Production Value (current thousand US$)","01921.01","Seed cotton, unginned","2022","2022","1000 USD","2289","E","Estimated value"
"QV","Value of Agricultural Production","562","Niger","57","Gross Production Value (current thousand US$)","01444","Sesame seed","2022","2022","1000 USD","50228","E","Estimated value"
"QV","Value of Agricultural Production","562","Niger","57","Gross Production Value (current thousand US$)","0114","Sorghum","2022","2022","1000 USD","370458","E","Estimated value"
"QV","Value of Agricultural Production","562","Niger","57","Gross Production Value (current thousand US$)","01802","Sugar cane","2022","2022","1000 USD","108375","E","Estimated value"
"QV","Value of Agricultural Production","562","Niger","57","Gross Production Value (current thousand US$)","01530","Sweet potatoes","2022","2022","1000 USD","56948","E","Estimated value"
"QV","Value of Agricultural Production","562","Niger","57","Gross Production Value (current thousand US$)","01234","Tomatoes","2022","2022","1000 USD","117304","E","Estimated value"
"QV","Value of Agricultural Production","562","Niger","57","Gross Production Value (current thousand US$)","01970","Unmanufactured tobacco","2022","2022","1000 USD","551","E","Estimated value"
"QV","Value of Agricultural Production","562","Niger","57","Gross Production Value (current thousand US$)","01221","Watermelons","2022","2022","1000 USD","170921","E","Estimated value"
"QV","Value of Agricultural Production","562","Niger","57","Gross Production Value (current thousand US$)","0111","Wheat","2022","2022","1000 USD","1651","E","Estimated value"
"QV","Value of Agricultural Production","646","Rwanda","57","Gross Production Value (current thousand US$)","01311","Avocados","2022","2022","1000 USD","4496","E","Estimated value"
"QV","Value of Agricultural Production","646","Rwanda","57","Gross Production Value (current thousand US$)","01701","Beans, dry","2022","2022","1000 USD","617076","E","Estimated value"
"QV","Value of Agricultural Production","646","Rwanda","57","Gross Production Value (current thousand US$)","01212","Cabbages","2022","2022","1000 USD","26147","E","Estimated value"
"QV","Value of Agricultural Production","646","Rwanda","57","Gross Production Value (current thousand US$)","01251","Carrots and turnips","2022","2022","1000 USD","41620","E","Estimated value"
"QV","Value of Agricultural Production","646","Rwanda","57","Gross Production Value (current thousand US$)","01520.01","Cassava, fresh","2022","2022","1000 USD","728666","E","Estimated value"
"QV","Value of Agricultural Production","646","Rwanda","57","Gross Production Value (current thousand US$)","01231","Chillies and peppers, green (Capsicum spp. and Pimenta spp.)","2022","2022","1000 USD","12055","E","Estimated value"
"QV","Value of Agricultural Production","646","Rwanda","57","Gross Production Value (current thousand US$)","01233","Eggplants (aubergines)","2022","2022","1000 USD","73020","E","Estimated value"
"QV","Value of Agricultural Production","646","Rwanda","57","Gross Production Value (current thousand US$)","01322","Lemons and limes","2022","2022","1000 USD","11208","E","Estimated value"
"QV","Value of Agricultural Production","646","Rwanda","57","Gross Production Value (current thousand US$)","0112","Maize (corn)","2022","2022","1000 USD","440823","E","Estimated value"
"QV","Value of Agricultural Production","646","Rwanda","57","Gross Production Value (current thousand US$)","01316","Mangoes, guavas and mangosteens","2022","2022","1000 USD","2107","E","Estimated value"
"QV","Value of Agricultural Production","646","Rwanda","57","Gross Production Value (current thousand US$)","01253.02","Onions and shallots, dry (excluding dehydrated)","2022","2022","1000 USD","53167","E","Estimated value"
"QV","Value of Agricultural Production","646","Rwanda","57","Gross Production Value (current thousand US$)","01323","Oranges","2022","2022","1000 USD","4537","E","Estimated value"
"QV","Value of Agricultural Production","646","Rwanda","57","Gross Production Value (current thousand US$)","01241.90","Other beans, green","2022","2022","1000 USD","13635","E","Estimated value"
"QV","Value of Agricultural Production","646","Rwanda","57","Gross Production Value (current thousand US$)","01317","Papayas","2022","2022","1000 USD","1576","E","Estimated value"
"QV","Value of Agricultural Production","646","Rwanda","57","Gross Production Value (current thousand US$)","01705","Peas, dry","2022","2022","1000 USD","44700","E","Estimated value"
"QV","Value of Agricultural Production","646","Rwanda","57","Gross Production Value (current thousand US$)","01318","Pineapples","2022","2022","1000 USD","13481","E","Estimated value"
"QV","Value of Agricultural Production","646","Rwanda","57","Gross Production Value (current thousand US$)","01510","Potatoes","2022","2022","1000 USD","664754","E","Estimated value"
"QV","Value of Agricultural Production","646","Rwanda","57","Gross Production Value (current thousand US$)","01235","Pumpkins, squash and gourds","2022","2022","1000 USD","182099","E","Estimated value"
"QV","Value of Agricultural Production","646","Rwanda","57","Gross Production Value (current thousand US$)","0113","Rice","2022","2022","1000 USD","137300","E","Estimated value"
"QV","Value of Agricultural Production","646","Rwanda","57","Gross Production Value (current thousand US$)","0114","Sorghum","2022","2022","1000 USD","223227","E","Estimated value"
"QV","Value of Agricultural Production","646","Rwanda","57","Gross Production Value (current thousand US$)","0141","Soya beans","2022","2022","1000 USD","29353","E","Estimated value"
"QV","Value of Agricultural Production","646","Rwanda","57","Gross Production Value (current thousand US$)","01802","Sugar cane","2022","2022","1000 USD","86197","E","Estimated value"
"QV","Value of Agricultural Production","646","Rwanda","57","Gross Production Value (current thousand US$)","01530","Sweet potatoes","2022","2022","1000 USD","662408","E","Estimated value"
"QV","Value of Agricultural Production","646","Rwanda","57","Gross Production Value (current thousand US$)","01550","Taro","2022","2022","1000 USD","216733","E","Estimated value"
"QV","Value of Agricultural Production","646","Rwanda","57","Gross Production Value (current thousand US$)","01234","Tomatoes","2022","2022","1000 USD","125576","E","Estimated value"
"QV","Value of Agricultural Production","646","Rwanda","57","Gross Production Value (current thousand US$)","0111","Wheat","2022","2022","1000 USD","20342","E","Estimated value"
"QV","Value of Agricultural Production","646","Rwanda","57","Gross Production Value (current thousand US$)","01540","Yams","2022","2022","1000 USD","45554","E","Estimated value"
"QV","Value of Agricultural Production","686","Senegal","57","Gross Production Value (current thousand US$)","0142","Groundnuts, excluding shelled","2022","2022","1000 USD","661973","E","Estimated value"
"QV","Value of Agricultural Production","710","South Africa","57","Gross Production Value (current thousand US$)","01341","Apples","2022","2022","1000 USD","570749","E","Estimated value"
"QV","Value of Agricultural Production","710","South Africa","57","Gross Production Value (current thousand US$)","01343","Apricots","2022","2022","1000 USD","30098","E","Estimated value"
"QV","Value of Agricultural Production","710","South Africa","57","Gross Production Value (current thousand US$)","01211","Asparagus","2022","2022","1000 USD","1103","E","Estimated value"
"QV","Value of Agricultural Production","710","South Africa","57","Gross Production Value (current thousand US$)","01311","Avocados","2022","2022","1000 USD","81895","E","Estimated value"
"QV","Value of Agricultural Production","710","South Africa","57","Gross Production Value (current thousand US$)","01312","Bananas","2022","2022","1000 USD","203703","E","Estimated value"
"QV","Value of Agricultural Production","710","South Africa","57","Gross Production Value (current thousand US$)","0115","Barley","2022","2022","1000 USD","85379","E","Estimated value"
"QV","Value of Agricultural Production","710","South Africa","57","Gross Production Value (current thousand US$)","01701","Beans, dry","2022","2022","1000 USD","61838","E","Estimated value"
"QV","Value of Agricultural Production","710","South Africa","57","Gross Production Value (current thousand US$)","01212","Cabbages","2022","2022","1000 USD","25227","E","Estimated value"
"QV","Value of Agricultural Production","710","South Africa","57","Gross Production Value (current thousand US$)","01251","Carrots and turnips","2022","2022","1000 USD","50068","E","Estimated value"
"QV","Value of Agricultural Production","710","South Africa","57","Gross Production Value (current thousand US$)","01213","Cauliflowers and broccoli","2022","2022","1000 USD","8314","E","Estimated value"
"QV","Value of Agricultural Production","710","South Africa","57","Gross Production Value (current thousand US$)","01344.02","Cherries","2022","2022","1000 USD","7789","E","Estimated value"
"QV","Value of Agricultural Production","710","South Africa","57","Gross Production Value (current thousand US$)","01232","Cucumbers and gherkins","2022","2022","1000 USD","18551","E","Estimated value"
"QV","Value of Agricultural Production","710","South Africa","57","Gross Production Value (current thousand US$)","01315","Figs","2022","2022","1000 USD","2500","E","Estimated value"
"QV","Value of Agricultural Production","710","South Africa","57","Gross Production Value (current thousand US$)","01330","Grapes","2022","2022","1000 USD","2393865","E","Estimated value"
"QV","Value of Agricultural Production","710","South Africa","57","Gross Production Value (current thousand US$)","01290.01","Green corn (maize)","2022","2022","1000 USD","444017","E","Estimated value"
"QV","Value of Agricultural Production","710","South Africa","57","Gross Production Value (current thousand US$)","0142","Groundnuts, excluding shelled","2022","2022","1000 USD","22460","E","Estimated value"
"QV","Value of Agricultural Production","710","South Africa","57","Gross Production Value (current thousand US$)","0231","Hen eggs in shell, fresh","2022","2022","1000 USD","495654","E","Estimated value"
"QV","Value of Agricultural Production","710","South Africa","57","Gross Production Value (current thousand US$)","01322","Lemons and limes","2022","2022","1000 USD","765476","E","Estimated value"
"QV","Value of Agricultural Production","710","South Africa","57","Gross Production Value (current thousand US$)","01214","Lettuce and chicory","2022","2022","1000 USD","20113","E","Estimated value"
"QV","Value of Agricultural Production","710","South Africa","57","Gross Production Value (current thousand US$)","0112","Maize (corn)","2022","2022","1000 USD","3983150","E","Estimated value"
"QV","Value of Agricultural Production","710","South Africa","57","Gross Production Value (current thousand US$)","01316","Mangoes, guavas and mangosteens","2022","2022","1000 USD","84530","E","Estimated value"
"QV","Value of Agricultural Production","710","South Africa","57","Gross Production Value (current thousand US$)","21111.01","Meat of cattle with the bone, fresh or chilled","2022","2022","1000 USD","3609055","E","Estimated value"
"QV","Value of Agricultural Production","710","South Africa","57","Gross Production Value (current thousand US$)","21121","Meat of chickens, fresh or chilled","2022","2022","1000 USD","3605255","E","Estimated value"
"QV","Value of Agricultural Production","710","South Africa","57","Gross Production Value (current thousand US$)","21113.01","Meat of pig with the bone, fresh or chilled","2022","2022","1000 USD","621598","E","Estimated value"
"QV","Value of Agricultural Production","710","South Africa","57","Gross Production Value (current thousand US$)","21115","Meat of sheep, fresh or chilled","2022","2022","1000 USD","824062","E","Estimated value"
"QV","Value of Agricultural Production","710","South Africa","57","Gross Production Value (current thousand US$)","01270","Mushrooms and truffles","2022","2022","1000 USD","47903","E","Estimated value"
"QV","Value of Agricultural Production","710","South Africa","57","Gross Production Value (current thousand US$)","0117","Oats","2022","2022","1000 USD","9989","E","Estimated value"
"QV","Value of Agricultural Production","710","South Africa","57","Gross Production Value (current thousand US$)","01253.02","Onions and shallots, dry (excluding dehydrated)","2022","2022","1000 USD","173952","E","Estimated value"
"QV","Value of Agricultural Production","710","South Africa","57","Gross Production Value (current thousand US$)","01323","Oranges","2022","2022","1000 USD","357979","E","Estimated value"
"QV","Value of Agricultural Production","710","South Africa","57","Gross Production Value (current thousand US$)","01241.90","Other beans, green","2022","2022","1000 USD","9609","E","Estimated value"
"QV","Value of Agricultural Production","710","South Africa","57","Gross Production Value (current thousand US$)","01355.90","Other berries and fruits of the genus vaccinium n.e.c.","2022","2022","1000 USD","18934","E","Estimated value"
"QV","Value of Agricultural Production","710","South Africa","57","Gross Production Value (current thousand US$)","01329","Other citrus fruit, n.e.c.","2022","2022","1000 USD","4067","E","Estimated value"
"QV","Value of Agricultural Production","710","South Africa","57","Gross Production Value (current thousand US$)","01317","Papayas","2022","2022","1000 USD","7269","E","Estimated value"
"QV","Value of Agricultural Production","710","South Africa","57","Gross Production Value (current thousand US$)","01345","Peaches and nectarines","2022","2022","1000 USD","181433","E","Estimated value"
"QV","Value of Agricultural Production","710","South Africa","57","Gross Production Value (current thousand US$)","01342.01","Pears","2022","2022","1000 USD","232060","E","Estimated value"
"QV","Value of Agricultural Production","710","South Africa","57","Gross Production Value (current thousand US$)","01242","Peas, green","2022","2022","1000 USD","2170","E","Estimated value"
"QV","Value of Agricultural Production","710","South Africa","57","Gross Production Value (current thousand US$)","01318","Pineapples","2022","2022","1000 USD","61155","E","Estimated value"
"QV","Value of Agricultural Production","710","South Africa","57","Gross Production Value (current thousand US$)","01346","Plums and sloes","2022","2022","1000 USD","56580","E","Estimated value"
"QV","Value of Agricultural Production","710","South Africa","57","Gross Production Value (current thousand US$)","01321","Pomelos and grapefruits","2022","2022","1000 USD","119149","E","Estimated value"
"QV","Value of Agricultural Production","710","South Africa","57","Gross Production Value (current thousand US$)","01510","Potatoes","2022","2022","1000 USD","599927","E","Estimated value"
"QV","Value of Agricultural Production","710","South Africa","57","Gross Production Value (current thousand US$)","01235","Pumpkins, squash and gourds","2022","2022","1000 USD","117715","E","Estimated value"
"QV","Value of Agricultural Production","710","South Africa","57","Gross Production Value (current thousand US$)","01342.02","Quinces","2022","2022","1000 USD","272","E","Estimated value"
"QV","Value of Agricultural Production","710","South Africa","57","Gross Production Value (current thousand US$)","02211","Raw milk of cattle","2022","2022","1000 USD","1489415","E","Estimated value"
"QV","Value of Agricultural Production","710","South Africa","57","Gross Production Value (current thousand US$)","0114","Sorghum","2022","2022","1000 USD","24527","E","Estimated value"
"QV","Value of Agricultural Production","710","South Africa","57","Gross Production Value (current thousand US$)","0141","Soya beans","2022","2022","1000 USD","597129","E","Estimated value"
"QV","Value of Agricultural Production","710","South Africa","57","Gross Production Value (current thousand US$)","01354","Strawberries","2022","2022","1000 USD","35290","E","Estimated value"
"QV","Value of Agricultural Production","710","South Africa","57","Gross Production Value (current thousand US$)","01802","Sugar cane","2022","2022","1000 USD","711683","E","Estimated value"
"QV","Value of Agricultural Production","710","South Africa","57","Gross Production Value (current thousand US$)","01445","Sunflower seed","2022","2022","1000 USD","502991","E","Estimated value"
"QV","Value of Agricultural Production","710","South Africa","57","Gross Production Value (current thousand US$)","01530","Sweet potatoes","2022","2022","1000 USD","19661","E","Estimated value"
"QV","Value of Agricultural Production","710","South Africa","57","Gross Production Value (current thousand US$)","01324","Tangerines, mandarins, clementines","2022","2022","1000 USD","241952","E","Estimated value"
"QV","Value of Agricultural Production","710","South Africa","57","Gross Production Value (current thousand US$)","01234","Tomatoes","2022","2022","1000 USD","184026","E","Estimated value"
"QV","Value of Agricultural Production","710","South Africa","57","Gross Production Value (current thousand US$)","01970","Unmanufactured tobacco","2022","2022","1000 USD","28230","E","Estimated value"
"QV","Value of Agricultural Production","710","South Africa","57","Gross Production Value (current thousand US$)","0111","Wheat","2022","2022","1000 USD","809725","E","Estimated value"
"QV","Value of Agricultural Production","768","Togo","57","Gross Production Value (current thousand US$)","01701","Beans, dry","2022","2022","1000 USD","200287","E","Estimated value"
"QV","Value of Agricultural Production","768","Togo","57","Gross Production Value (current thousand US$)","01520.01","Cassava, fresh","2022","2022","1000 USD","263085","E","Estimated value"
"QV","Value of Agricultural Production","768","Togo","57","Gross Production Value (current thousand US$)","01640","Cocoa beans","2022","2022","1000 USD","20425","E","Estimated value"
"QV","Value of Agricultural Production","768","Togo","57","Gross Production Value (current thousand US$)","01610","Coffee, green","2022","2022","1000 USD","32837","E","Estimated value"
"QV","Value of Agricultural Production","768","Togo","57","Gross Production Value (current thousand US$)","0142","Groundnuts, excluding shelled","2022","2022","1000 USD","23485","E","Estimated value"
"QV","Value of Agricultural Production","768","Togo","57","Gross Production Value (current thousand US$)","0112","Maize (corn)","2022","2022","1000 USD","383580","E","Estimated value"
"QV","Value of Agricultural Production","768","Togo","57","Gross Production Value (current thousand US$)","0118","Millet","2022","2022","1000 USD","15663","E","Estimated value"
"QV","Value of Agricultural Production","768","Togo","57","Gross Production Value (current thousand US$)","0113","Rice","2022","2022","1000 USD","61452","E","Estimated value"
"QV","Value of Agricultural Production","768","Togo","57","Gross Production Value (current thousand US$)","0114","Sorghum","2022","2022","1000 USD","122901","E","Estimated value"
"QV","Value of Agricultural Production","768","Togo","57","Gross Production Value (current thousand US$)","0141","Soya beans","2022","2022","1000 USD","138361","E","Estimated value"
"QV","Value of Agricultural Production","768","Togo","57","Gross Production Value (current thousand US$)","01530","Sweet potatoes","2022","2022","1000 USD","2592","E","Estimated value"
"QV","Value of Agricultural Production","768","Togo","57","Gross Production Value (current thousand US$)","01550","Taro","2022","2022","1000 USD","6982","E","Estimated value"
"QV","Value of Agricultural Production","768","Togo","57","Gross Production Value (current thousand US$)","01540","Yams","2022","2022","1000 USD","416728","E","Estimated value"
"QV","Value of Agricultural Production","788","Tunisia","57","Gross Production Value (current thousand US$)","01341","Apples","2022","2022","1000 USD","38260","E","Estimated value"
"QV","Value of Agricultural Production","788","Tunisia","57","Gross Production Value (current thousand US$)","01343","Apricots","2022","2022","1000 USD","43049","E","Estimated value"
"QV","Value of Agricultural Production","788","Tunisia","57","Gross Production Value (current thousand US$)","01216","Artichokes","2022","2022","1000 USD","13115","E","Estimated value"
"QV","Value of Agricultural Production","788","Tunisia","57","Gross Production Value (current thousand US$)","0115","Barley","2022","2022","1000 USD","95350","E","Estimated value"
"QV","Value of Agricultural Production","788","Tunisia","57","Gross Production Value (current thousand US$)","01243","Broad beans and horse beans, green","2022","2022","1000 USD","33328","E","Estimated value"
"QV","Value of Agricultural Production","788","Tunisia","57","Gross Production Value (current thousand US$)","01212","Cabbages","2022","2022","1000 USD","6143","E","Estimated value"
"QV","Value of Agricultural Production","788","Tunisia","57","Gross Production Value (current thousand US$)","01229","Cantaloupes and other melons","2022","2022","1000 USD","48184","E","Estimated value"
"QV","Value of Agricultural Production","788","Tunisia","57","Gross Production Value (current thousand US$)","01251","Carrots and turnips","2022","2022","1000 USD","50263","E","Estimated value"
"QV","Value of Agricultural Production","788","Tunisia","57","Gross Production Value (current thousand US$)","01213","Cauliflowers and broccoli","2022","2022","1000 USD","2992","E","Estimated value"
"QV","Value of Agricultural Production","788","Tunisia","57","Gross Production Value (current thousand US$)","01231","Chillies and peppers, green (Capsicum spp. and Pimenta spp.)","2022","2022","1000 USD","158026","E","Estimated value"
"QV","Value of Agricultural Production","788","Tunisia","57","Gross Production Value (current thousand US$)","01232","Cucumbers and gherkins","2022","2022","1000 USD","29593","E","Estimated value"
"QV","Value of Agricultural Production","788","Tunisia","57","Gross Production Value (current thousand US$)","01314","Dates","2022","2022","1000 USD","451322","E","Estimated value"
"QV","Value of Agricultural Production","788","Tunisia","57","Gross Production Value (current thousand US$)","01315","Figs","2022","2022","1000 USD","23757","E","Estimated value"
"QV","Value of Agricultural Production","788","Tunisia","57","Gross Production Value (current thousand US$)","01330","Grapes","2022","2022","1000 USD","52737","E","Estimated value"
"QV","Value of Agricultural Production","788","Tunisia","57","Gross Production Value (current thousand US$)","01252","Green garlic","2022","2022","1000 USD","19908","E","Estimated value"
"QV","Value of Agricultural Production","788","Tunisia","57","Gross Production Value (current thousand US$)","0231","Hen eggs in shell, fresh","2022","2022","1000 USD","119500","E","Estimated value"
"QV","Value of Agricultural Production","788","Tunisia","57","Gross Production Value (current thousand US$)","01322","Lemons and limes","2022","2022","1000 USD","26630","E","Estimated value"
"QV","Value of Agricultural Production","788","Tunisia","57","Gross Production Value (current thousand US$)","01214","Lettuce and chicory","2022","2022","1000 USD","23600","E","Estimated value"
"QV","Value of Agricultural Production","788","Tunisia","57","Gross Production Value (current thousand US$)","21111.01","Meat of cattle with the bone, fresh or chilled","2022","2022","1000 USD","134863","E","Estimated value"
"QV","Value of Agricultural Production","788","Tunisia","57","Gross Production Value (current thousand US$)","21116","Meat of goat, fresh or chilled","2022","2022","1000 USD","35578","E","Estimated value"
"QV","Value of Agricultural Production","788","Tunisia","57","Gross Production Value (current thousand US$)","21115","Meat of sheep, fresh or chilled","2022","2022","1000 USD","172704","E","Estimated value"
"QV","Value of Agricultural Production","788","Tunisia","57","Gross Production Value (current thousand US$)","01450","Olives","2022","2022","1000 USD","631009","E","Estimated value"
"QV","Value of Agricultural Production","788","Tunisia","57","Gross Production Value (current thousand US$)","01253.02","Onions and shallots, dry (excluding dehydrated)","2022","2022","1000 USD","40509","E","Estimated value"
"QV","Value of Agricultural Production","788","Tunisia","57","Gross Production Value (current thousand US$)","01253.01","Onions and shallots, green","2022","2022","1000 USD","46288","E","Estimated value"
"QV","Value of Agricultural Production","788","Tunisia","57","Gross Production Value (current thousand US$)","01323","Oranges","2022","2022","1000 USD","157849","E","Estimated value"
"QV","Value of Agricultural Production","788","Tunisia","57","Gross Production Value (current thousand US$)","01329","Other citrus fruit, n.e.c.","2022","2022","1000 USD","63829","E","Estimated value"
"QV","Value of Agricultural Production","788","Tunisia","57","Gross Production Value (current thousand US$)","01345","Peaches and nectarines","2022","2022","1000 USD","75145","E","Estimated value"
"QV","Value of Agricultural Production","788","Tunisia","57","Gross Production Value (current thousand US$)","01342.01","Pears","2022","2022","1000 USD","12575","E","Estimated value"
"QV","Value of Agricultural Production","788","Tunisia","57","Gross Production Value (current thousand US$)","01242","Peas, green","2022","2022","1000 USD","29016","E","Estimated value"
"QV","Value of Agricultural Production","788","Tunisia","57","Gross Production Value (current thousand US$)","01346","Plums and sloes","2022","2022","1000 USD","11213","E","Estimated value"
"QV","Value of Agricultural Production","788","Tunisia","57","Gross Production Value (current thousand US$)","01510","Potatoes","2022","2022","1000 USD","92280","E","Estimated value"
"QV","Value of Agricultural Production","788","Tunisia","57","Gross Production Value (current thousand US$)","01235","Pumpkins, squash and gourds","2022","2022","1000 USD","18495","E","Estimated value"
"QV","Value of Agricultural Production","788","Tunisia","57","Gross Production Value (current thousand US$)","01342.02","Quinces","2022","2022","1000 USD","2495","E","Estimated value"
"QV","Value of Agricultural Production","788","Tunisia","57","Gross Production Value (current thousand US$)","02211","Raw milk of cattle","2022","2022","1000 USD","532543","E","Estimated value"
"QV","Value of Agricultural Production","788","Tunisia","57","Gross Production Value (current thousand US$)","01215","Spinach","2022","2022","1000 USD","2001","E","Estimated value"
"QV","Value of Agricultural Production","788","Tunisia","57","Gross Production Value (current thousand US$)","01354","Strawberries","2022","2022","1000 USD","9524","E","Estimated value"
"QV","Value of Agricultural Production","788","Tunisia","57","Gross Production Value (current thousand US$)","01234","Tomatoes","2022","2022","1000 USD","141655","E","Estimated value"
"QV","Value of Agricultural Production","788","Tunisia","57","Gross Production Value (current thousand US$)","01191","Triticale","2022","2022","1000 USD","4076","E","Estimated value"
"QV","Value of Agricultural Production","788","Tunisia","57","Gross Production Value (current thousand US$)","01221","Watermelons","2022","2022","1000 USD","90476","E","Estimated value"
"QV","Value of Agricultural Production","788","Tunisia","57","Gross Production Value (current thousand US$)","0111","Wheat","2022","2022","1000 USD","434091","E","Estimated value"
"QV","Value of Agricultural Production","894","Zambia","57","Gross Production Value (current thousand US$)","01312","Bananas","2022","2022","1000 USD","490","E","Estimated value"
"QV","Value of Agricultural Production","894","Zambia","57","Gross Production Value (current thousand US$)","01520.01","Cassava, fresh","2022","2022","1000 USD","983453","E","Estimated value"
"QV","Value of Agricultural Production","894","Zambia","57","Gross Production Value (current thousand US$)","0142","Groundnuts, excluding shelled","2022","2022","1000 USD","343062","E","Estimated value"
"QV","Value of Agricultural Production","894","Zambia","57","Gross Production Value (current thousand US$)","0231","Hen eggs in shell, fresh","2022","2022","1000 USD","228449","E","Estimated value"
"QV","Value of Agricultural Production","894","Zambia","57","Gross Production Value (current thousand US$)","0112","Maize (corn)","2022","2022","1000 USD","482522","E","Estimated value"
"QV","Value of Agricultural Production","894","Zambia","57","Gross Production Value (current thousand US$)","0118","Millet","2022","2022","1000 USD","13622","E","Estimated value"
"QV","Value of Agricultural Production","894","Zambia","57","Gross Production Value (current thousand US$)","01253.02","Onions and shallots, dry (excluding dehydrated)","2022","2022","1000 USD","39262","E","Estimated value"
"QV","Value of Agricultural Production","894","Zambia","57","Gross Production Value (current thousand US$)","01323","Oranges","2022","2022","1000 USD","5295","E","Estimated value"
"QV","Value of Agricultural Production","894","Zambia","57","Gross Production Value (current thousand US$)","01510","Potatoes","2022","2022","1000 USD","41408","E","Estimated value"
"QV","Value of Agricultural Production","894","Zambia","57","Gross Production Value (current thousand US$)","0113","Rice","2022","2022","1000 USD","90115","E","Estimated value"
"QV","Value of Agricultural Production","894","Zambia","57","Gross Production Value (current thousand US$)","0114","Sorghum","2022","2022","1000 USD","6556","E","Estimated value"
"QV","Value of Agricultural Production","894","Zambia","57","Gross Production Value (current thousand US$)","01530","Sweet potatoes","2022","2022","1000 USD","47066","E","Estimated value"
"QV","Value of Agricultural Production","894","Zambia","57","Gross Production Value (current thousand US$)","01234","Tomatoes","2022","2022","1000 USD","14860","E","Estimated value"
